{
  "Format": "2.8.0",
  "Changes": [
    {
      "Action": "Load",
      "Target": "Mods/abrah.princesschicken.cp/PrincessChickenEgg",
      "FromFile": "assets/PrincessChickenEgg.png"
    },
    {
      "Action": "Load",
      "Target": "Mods/abrah.princesschicken.cp/RoyalMayo",
      "FromFile": "assets/RoyalMayo.png"
    },
    {
      "Action": "Load",
      "Target": "Mods/abrah.princesschicken.cp/PrincessChicken_Adult",
      "FromFile": "assets/PrincessChicken_Adult.png"
    },
    {
      "Action": "Load",
      "Target": "Mods/abrah.princesschicken.cp/PrincessChicken_Baby",
      "FromFile": "assets/PrincessChicken_Baby.png"
    },
    {
      "Action": "Load",
      "Target": "Mods/abrah.princesschicken.cp/PrincessChicken_Shop",
      "FromFile": "assets/PrincessChicken_Shop.png"
    },
    {
      "Action": "EditData",
      "Target": "Data/Objects",
      "Entries": {
        "abrah.PrincessChickenEgg": {
          "Name": "Princess Chicken Egg",
          "DisplayName": "{{i18n:PrincessEgg_DisplayName}}",
          "Description": "{{i18n:PrincessEgg_Description}}",
          "Type": "Basic",
          "Category": -7,
          "Price": 150,
          "Edibility": 40,
          "IsDrink": false,
          "Texture": "Mods/abrah.princesschicken.cp/PrincessChickenEgg",
          "SpriteIndex": 0,
          "ContextTags": [
            "food",
            "cooking",
            "item_egg",
            "abrah_princess_egg"
          ]
        },
        "abrah.RoyalMayo": {
          "Name": "Royal Mayo",
          "DisplayName": "{{i18n:RoyalMayo_DisplayName}}",
          "Description": "{{i18n:RoyalMayo_Description}}",
          "Type": "Basic",
          "Category": -7,
          "Price": 600,
          "Edibility": 60,
          "IsDrink": true,
          "Texture": "Mods/abrah.princesschicken.cp/RoyalMayo",
          "SpriteIndex": 0,
          "ContextTags": [
            "food",
            "cooking",
            "mayo",
            "mayonnaise",
            "abrah_royal_mayo"
          ]
        }
      }
    },
    {
      "Action": "EditData",
      "Target": "Data/Machines",
      "TargetField": [ "(BC)24", "OutputRules" ],
      "Entries": {
        "abrah.PrincessEggToRoyalMayo": {
          "Id": "abrah.PrincessEggToRoyalMayo",
          "Triggers": [
            {
              "Id": "onDrop",
              "Trigger": "ItemPlacedInMachine",
              "RequiredItemId": "abrah.PrincessChickenEgg"
            }
          ],
          "OutputItem": [
            { "ItemId": "abrah.RoyalMayo" }
          ],
          "MinutesUntilReady": 180,
          "UseFirstValidOutput": true,
          "CopyQuality": true
        }
      }
    },
    {
      "Action": "EditData",
      "Target": "Data/FarmAnimals",
      "Entries": {
        "abrah.PrincessChicken": {
          "DisplayName": "Princess Chicken",
          "House": "Coop",
          "Gender": "Female",
          "PurchasePrice": 750,
          "ShopDisplayName": "Princess Chicken",
          "ShopDescription": "An elegant breed said to lay shimmering eggs fit for a crown.",
          "ShopTexture": "Mods/abrah.princesschicken.cp/PrincessChicken_Shop",
          "EggItemIds": [ "abrah.PrincessChickenEgg" ],
          "IncubationTime": 9000,
          "DaysToMature": 3,
          "ProduceItemIds": [
            { "ItemId": "abrah.PrincessChickenEgg", "DaysToProduce": 1 }
          ],
          "HarvestType": "DropOvernight",
          "Texture": "Mods/abrah.princesschicken.cp/PrincessChicken_Adult",
          "BabyTexture": "Mods/abrah.princesschicken.cp/PrincessChicken_Baby",
          "UseFlippedRightForLeft": true
        }
      }
    }
  ]
}









